{"cameraMode":{"drawMode":0,"name":"Shaded","section":"Shading Mode"},"sceneLighting":true,"audioPlay":false,"sceneViewState":{"m_AlwaysRefresh":false,"showFog":true,"showSkybox":true,"showFlares":true,"showImageEffects":true,"showParticleSystems":true,"showVisualEffectGraphs":true,"m_FxEnabled":true},"in2DMode":false,"pivot":{"x":1.586597204208374,"y":0.0000057626698435342408,"z":-0.3262651264667511},"rotation":{"x":0.04081861674785614,"y":-0.20183034241199494,"z":-0.00842124130576849,"w":-0.9785431027412415},"size":1050.550537109375,"orthographic":false}